brand_name,pro_img,link,price,pro_desc
Bell,https://cdn.bike-discount.de/media/org/orgb_B/orgid_81/thumbs/199285_1710075.jpg,https://www.bike-discount.de/en/buy/visor-screws-for-bell-super-489770,3.80$,Bell--VisorScrewsforBellSuper
Bell,https://cdn.bike-discount.de/media/org/orgb_B/orgid_81/thumbs/434342_3740366.jpg,https://www.bike-discount.de/en/buy/bell-hub-urban-helmet-786677,68.11$,Bell--Hub-UrbanHelmet
Bell,https://cdn.bike-discount.de/media/org/orgb_B/orgid_81/thumbs/434352_3740370.jpg,https://www.bike-discount.de/en/buy/bell-hub-urban-helmet-786685,68.11$,Bell--Hub-UrbanHelmet
Bell,https://cdn.bike-discount.de/media/org/orgb_B/orgid_81/thumbs/259684_2512422.jpg,https://www.bike-discount.de/en/buy/bell-local-dirt-helmet-579228,32.08$,Bell--Local-DirtHelmet
Bell,https://cdn.bike-discount.de/media/org/orgb_B/orgid_81/thumbs/432530_3894551.jpg,https://www.bike-discount.de/en/buy/bell-local-dirt-helmet-786637,34.03$,Bell--Local-DirtHelmet
Bell,https://cdn.bike-discount.de/media/org/orgb_B/orgid_81/thumbs/432562_3726901.jpg,https://www.bike-discount.de/en/buy/bell-local-dirt-helmet-786653,34.03$,Bell--Local-DirtHelmet
Bell,https://cdn.bike-discount.de/media/org/orgb_B/orgid_81/thumbs/457589_3895446.jpg,https://www.bike-discount.de/en/buy/bell-local-dirt-helmet-829494,34.03$,Bell--Local-DirtHelmet
Bell,https://cdn.bike-discount.de/media/org/orgb_B/orgid_81/thumbs/434295_3740374.jpg,https://www.bike-discount.de/en/buy/bell-hub-urban-helmet-786693,68.11$,Bell--Hub-UrbanHelmet
Bell,https://cdn.bike-discount.de/media/org/orgb_B/orgid_81/thumbs/432516_3726925.jpg,https://www.bike-discount.de/en/buy/bell-local-dirt-helmet-787486,34.03$,Bell--Local-DirtHelmet
Bell,https://cdn.bike-discount.de/media/org/orgb_B/orgid_81/thumbs/381226_3304998.jpg,https://www.bike-discount.de/en/buy/bell-local-dirt-helmet-714068,29.16$,Bell--Local-DirtHelmet
Bell,https://cdn.bike-discount.de/media/org/orgb_B/orgid_81/thumbs/16273_1954900.jpg,https://www.bike-discount.de/en/buy/replacement-pads-bell-array-road-bike-helmet-11311,5.35$,Bell--ReplacementPadsBellArrayRoadBikeHelmet
Bell,https://cdn.bike-discount.de/media/org/orgb_B/orgid_81/thumbs/434225_3799747.jpg,https://www.bike-discount.de/en/buy/bell-sanction-fullface-helmet-786323,77.85$,Bell--Sanction-FullfaceHelmet
Bell,https://cdn.bike-discount.de/media/org/orgb_B/orgid_81/thumbs/259605_2512419.jpg,https://www.bike-discount.de/en/buy/bell-tracker-trekking-helmet-579177,29.16$,Bell--Tracker-TrekkingHelmet
Bell,https://cdn.bike-discount.de/media/org/orgb_B/orgid_81/thumbs/434072_3799771.jpg,https://www.bike-discount.de/en/buy/bell-sanction-fullface-helmet-786313,77.85$,Bell--Sanction-FullfaceHelmet
Bell,https://cdn.bike-discount.de/media/org/orgb_B/orgid_81/thumbs/434260_3739975.jpg,https://www.bike-discount.de/en/buy/bell-sanction-fullface-helmet-786333,77.85$,Bell--Sanction-FullfaceHelmet
Bell,https://cdn.bike-discount.de/media/org/orgb_B/orgid_81/thumbs/434688_3863013.jpg,https://www.bike-discount.de/en/buy/bell-sanction-fullface-helmet-786343,77.85$,Bell--Sanction-FullfaceHelmet
Bell,https://cdn.bike-discount.de/media/org/orgb_B/orgid_81/thumbs/259616_2559622.jpg,https://www.bike-discount.de/en/buy/bell-tracker-trekking-helmet-579178,29.16$,Bell--Tracker-TrekkingHelmet
Bell,https://cdn.bike-discount.de/media/org/orgb_B/orgid_81/thumbs/259630_2512307.jpg,https://www.bike-discount.de/en/buy/bell-tracker-trekking-helmet-579192,29.16$,Bell--Tracker-TrekkingHelmet
Bell,https://cdn.bike-discount.de/media/org/orgb_B/orgid_81/thumbs/434512_3740648.jpg,https://www.bike-discount.de/en/buy/bell-spark-mtb-helmet-786599,52.53$,Bell--Spark-MTBHelmet
Bell,https://cdn.bike-discount.de/media/org/orgb_B/orgid_81/thumbs/434388_3740664.jpg,https://www.bike-discount.de/en/buy/bell-spark-mtb-helmet-786611,52.53$,Bell--Spark-MTBHelmet
Bell,https://cdn.bike-discount.de/media/org/orgb_B/orgid_81/thumbs/434418_3740656.jpg,https://www.bike-discount.de/en/buy/bell-spark-mtb-helmet-786603,48.64$,Bell--Spark-MTBHelmet
Bell,https://cdn.bike-discount.de/media/org/orgb_B/orgid_81/thumbs/434406_3740652.jpg,https://www.bike-discount.de/en/buy/bell-spark-mtb-helmet-786601,48.64$,Bell--Spark-MTBHelmet
Bell,https://cdn.bike-discount.de/media/org/orgb_B/orgid_81/thumbs/434396_3740660.jpg,https://www.bike-discount.de/en/buy/bell-spark-mtb-helmet-786607,52.53$,Bell--Spark-MTBHelmet
Bell,https://cdn.bike-discount.de/media/org/orgb_B/orgid_81/thumbs/3082_1962709.jpg,https://www.bike-discount.de/en/buy/bell-pad-set-for-lumen-1461,4.82$,Bell--PadSetforLUMEN
