pro_img,brand_name,pro_desc,link,price
https://cdn.bike-discount.de/media/org/orgb_R/orgid_28/thumbs/477702_4048101.jpg,RockShox,"RockShox--LyrikUltimateRC229""DebonAirTaperedBoost",https://www.bike-discount.de/en/buy/rockshox-lyrik-ultimate-rc2-29-debon-air-tapered-boost-831495,"1,080.85$"
https://cdn.bike-discount.de/media/org/orgb_R/orgid_28/thumbs/476603_4048103.jpg,RockShox,"RockShox--LyrikUltimateRC229""DebonAirTaperedBoost",https://www.bike-discount.de/en/buy/rockshox-lyrik-ultimate-rc2-29-debon-air-tapered-boost-831459,"1,080.85$"
https://cdn.bike-discount.de/media/org/orgb_R/orgid_28/thumbs/477220_4048105.jpg,RockShox,"RockShox--LyrikSelectRC29""DebonAirTaperedBoost",https://www.bike-discount.de/en/buy/rockshox-lyrik-select-rc-29-debon-air-tapered-boost-831423,754.65$
https://cdn.bike-discount.de/media/org/orgb_R/orgid_28/thumbs/480809_4063916.jpg,RockShox,"RockShox--SIDUltimateRLC29""DebonAirTaperedBoost",https://www.bike-discount.de/en/buy/rockshox-sid-ultimate-rlc-29-debon-air-tapered-boost-831074,842.28$
https://cdn.bike-discount.de/media/org/orgb_R/orgid_28/thumbs/480853_4063914.jpg,RockShox,"RockShox--SIDUltimateRLC29""DebonAirTaperedBoost",https://www.bike-discount.de/en/buy/rockshox-sid-ultimate-rlc-29-debon-air-tapered-boost-831090,842.28$
https://cdn.bike-discount.de/media/org/orgb_R/orgid_28/thumbs/481090_4065417.jpg,RockShox,"RockShox--SIDSelectRL29""DebonAirTaperedBoost",https://www.bike-discount.de/en/buy/rockshox-sid-select-rl-29-debon-air-tapered-boost-831034,647.54$
https://cdn.bike-discount.de/media/org/orgb_R/orgid_28/thumbs/480737_4062660.jpg,RockShox,"RockShox--RebaRL29""SoloAirTapered",https://www.bike-discount.de/en/buy/rockshox-reba-rl-29-solo-air-tapered-830960,540.43$
https://cdn.bike-discount.de/media/org/orgb_R/orgid_28/thumbs/480699_4062382.jpg,RockShox,"RockShox--SIDUltimateRLCCarbon27.5""DebonAirTaperedBoost",https://www.bike-discount.de/en/buy/rockshox-sid-ultimate-rlc-carbon-27.5-debon-air-tapered-boost-831050,"1,080.85$"
https://cdn.bike-discount.de/media/org/orgb_R/orgid_28/thumbs/480692_4062378.jpg,RockShox,"RockShox--SIDUltimateRLCCarbon27.5""DebonAirTaperedBoost",https://www.bike-discount.de/en/buy/rockshox-sid-ultimate-rlc-carbon-27.5-debon-air-tapered-boost-831052,"1,080.85$"
https://cdn.bike-discount.de/media/org/orgb_R/orgid_28/thumbs/479915_4059019.jpg,RockShox,RockShox--Pike/Lyrik/YariDualPositionAirBottomlessTokens,https://www.bike-discount.de/en/buy/rockshox-pike-lyrik-yari-dual-position-air-bottomless-tokens-870724,10.22$
https://cdn.bike-discount.de/media/org/orgb_R/orgid_28/thumbs/479229_4054672.jpg,RockShox,"RockShox--PikeRC27.5""SoloAir150Tapered(shortened)Boost",https://www.bike-discount.de/en/buy/rockshox-pike-rc-27.5-solo-air-150-tapered-shortened-boost-871608,340.76$
https://cdn.bike-discount.de/media/org/orgb_R/orgid_28/thumbs/479422_4055573.jpg,RockShox,"RockShox--LyrikRCT327.5""SoloAirTapered",https://www.bike-discount.de/en/buy/rockshox-lyrik-rct3-27.5-solo-air-tapered-831395,972.77$
https://cdn.bike-discount.de/media/org/orgb_R/orgid_28/thumbs/479422_4055573.jpg,RockShox,"RockShox--LyrikRCT329""SoloAir160Tapered",https://www.bike-discount.de/en/buy/rockshox-lyrik-rct3-29-solo-air-160-tapered-831403,972.77$
https://cdn.bike-discount.de/media/org/orgb_R/orgid_28/thumbs/478614_4050455.jpg,RockShox,RockShox--MetricCoilSpring,https://www.bike-discount.de/en/buy/rockshox-metric-coil-spring-872979,37.-$
https://cdn.bike-discount.de/media/org/orgb_R/orgid_28/thumbs/480699_4062382.jpg,RockShox,"RockShox--SIDUltimateRLCCarbon29""DebonAirTaperedBoost",https://www.bike-discount.de/en/buy/rockshox-sid-ultimate-rlc-carbon-29-debon-air-tapered-boost-831054,"1,080.85$"
https://cdn.bike-discount.de/media/org/orgb_R/orgid_28/thumbs/480692_4062378.jpg,RockShox,"RockShox--SIDUltimateRLCCarbon29""DebonAirTaperedBoost",https://www.bike-discount.de/en/buy/rockshox-sid-ultimate-rlc-carbon-29-debon-air-tapered-boost-831060,"1,080.85$"
https://cdn.bike-discount.de/media/org/orgb_R/orgid_28/thumbs/476345_4048129.jpg,RockShox,"RockShox--PikeUltimateRC229""DebonAirTaperedBoost",https://www.bike-discount.de/en/buy/rockshox-pike-ultimate-rc2-29-debon-air-tapered-boost-831613,"1,002.95$"
https://cdn.bike-discount.de/media/org/orgb_R/orgid_28/thumbs/476337_4048109.jpg,RockShox,"RockShox--PikeUltimateRC229""DebonAirTaperedBoost",https://www.bike-discount.de/en/buy/rockshox-pike-ultimate-rc2-29-debon-air-tapered-boost-831551,"1,002.95$"
https://cdn.bike-discount.de/media/org/orgb_R/orgid_28/thumbs/476337_4048109.jpg,RockShox,"RockShox--PikeUltimateRC227.5""DebonAirTaperedBoost",https://www.bike-discount.de/en/buy/rockshox-pike-ultimate-rc2-27.5-debon-air-tapered-boost-831569,"1,002.95$"
https://cdn.bike-discount.de/media/org/orgb_R/orgid_28/thumbs/477702_4048101.jpg,RockShox,"RockShox--LyrikUltimateRC227.5""DebonAirTaperedBoost",https://www.bike-discount.de/en/buy/rockshox-lyrik-ultimate-rc2-27.5-debon-air-tapered-boost-831477,"1,080.85$"
https://cdn.bike-discount.de/media/org/orgb_R/orgid_28/thumbs/476571_4048113.jpg,RockShox,"RockShox--PikeSelectRC27.5""DebonAirTaperedBoost",https://www.bike-discount.de/en/buy/rockshox-pike-select-rc-27.5-debon-air-tapered-boost-831513,754.65$
https://cdn.bike-discount.de/media/org/orgb_R/orgid_28/thumbs/476571_4048113.jpg,RockShox,"RockShox--PikeSelectRC29""DebonAirTaperedBoost",https://www.bike-discount.de/en/buy/rockshox-pike-select-rc-29-debon-air-tapered-boost-831535,754.65$
https://cdn.bike-discount.de/media/org/orgb_R/orgid_28/thumbs/476603_4048103.jpg,RockShox,"RockShox--LyrikUltimateRC227.5""DebonAirTaperedBoost",https://www.bike-discount.de/en/buy/rockshox-lyrik-ultimate-rc2-27.5-debon-air-tapered-boost-831441,"1,080.85$"
https://cdn.bike-discount.de/media/org/orgb_R/orgid_28/thumbs/477220_4048105.jpg,RockShox,"RockShox--LyrikSelectRC27.5""DebonAirTaperedBoost",https://www.bike-discount.de/en/buy/rockshox-lyrik-select-rc-27.5-debon-air-tapered-boost-831405,754.65$
https://bikes.merlincycles.com/thumb.php?s=150&f=https%3a%2f%2fmerlincycles-img.s3-eu-west-1.amazonaws.com%2fproductImage_470_470_ffffff_image-jpeg%2f8775_rock_shox_reverb_hydraulic_bleed_kit.jpg,RockShox,Reverb Hydraulic Bleed Kit,https://bikes.merlincycles.com/search?p=R&srid=S4-2LON2P&lbc=merlincycles&w=rock%20shox&url=https%3a%2f%2fwww.merlincycles.com%2frockshox-reverb-hydraulic-bleed-kit-58237.html&lgsku=PS8007001&rk=1&uid=871428628&sid=2&ts=custom&SLIPid=1555787142951&rsc=VeKznO3fEIvDa7WI&method=and&isort=score&view=grid,34.96
https://bikes.merlincycles.com/thumb.php?s=150&f=https%3a%2f%2fmerlincycles-img.s3-eu-west-1.amazonaws.com%2fproductImage_470_470_ffffff_image-jpeg%2f48682_rockshox_yari_rc_solo_air_boost_forks_oem_29_.jpg,Rockshox,"Yari RC Solo Air Boost Forks OEM - 29""",https://bikes.merlincycles.com/search?p=R&srid=S4-2LON2P&lbc=merlincycles&w=rock%20shox&url=https%3a%2f%2fwww.merlincycles.com%2frockshox-yari-rc-solo-air-boost-forks-oem-29-133927.html&lgsku=00.4019.605&rk=2&uid=871428628&sid=2&ts=custom&SLIPid=1555787142951&rsc=Qb7Xg8Ggc2QnamDK&method=and&isort=score&view=grid,359.00
https://bikes.merlincycles.com/thumb.php?s=150&f=https%3a%2f%2fmerlincycles-img.s3-eu-west-1.amazonaws.com%2fproductImage_470_470_ffffff_image-jpeg%2f22476_rockshox_yari_rc_solo_air_29_.jpg,Rockshox,"Yari RC Solo Air - 29""",https://bikes.merlincycles.com/search?p=R&srid=S4-2LON2P&lbc=merlincycles&w=rock%20shox&url=https%3a%2f%2fwww.merlincycles.com%2frockshox-yari-rc-solo-air-29-88042.html&lgsku=RS9244011-29&rk=3&uid=871428628&sid=2&ts=custom&SLIPid=1555787142951&rsc=uOh2w-JEvSorOEgW&method=and&isort=score&view=grid,525.00
https://bikes.merlincycles.com/thumb.php?s=150&f=https%3a%2f%2fmerlincycles-img.s3-eu-west-1.amazonaws.com%2fproductImage_470_470_ffffff_image-jpeg%2f48697_rockshox_reverb_stealth_oem_seatpost.jpg,RockShox,Reverb Stealth OEM Seatpost,https://bikes.merlincycles.com/search?p=R&srid=S4-2LON2P&lbc=merlincycles&w=rock%20shox&url=https%3a%2f%2fwww.merlincycles.com%2frockshox-reverb-stealth-oem-seatpost-133948.html&lgsku=00.6818.015&rk=4&uid=871428628&sid=2&ts=custom&SLIPid=1555787142951&rsc=63yef2PJgBuLbavl&method=and&isort=score&view=grid,184.99
https://bikes.merlincycles.com/thumb.php?s=150&f=https%3a%2f%2fmerlincycles-img.s3-eu-west-1.amazonaws.com%2fproductImage_470_470_ffffff_image-jpeg%2f41680_rockshox_reba_rl_solo_air_forks_27_5_.jpg,Rockshox,"Reba RL Solo Air Forks OEM - 27.5""",https://bikes.merlincycles.com/search?p=R&srid=S4-2LON2P&lbc=merlincycles&w=rock%20shox&url=https%3a%2f%2fwww.merlincycles.com%2frockshox-reba-rl-solo-air-forks-oem-275-122299.html&lgsku=4019.250&rk=5&uid=871428628&sid=2&ts=custom&SLIPid=1555787142951&rsc=ISl0CsBn0W0FeCRg&method=and&isort=score&view=grid,199.99
https://bikes.merlincycles.com/thumb.php?s=150&f=https%3a%2f%2fmerlincycles-img.s3-eu-west-1.amazonaws.com%2fproductImage_470_470_ffffff_image-jpeg%2f26770_rockshox_lyrik_rct3_dual_position_2017_27_5_.jpg,Rockshox,"Lyrik RCT3 Dual Position 2017 - 27.5""",https://bikes.merlincycles.com/search?p=R&srid=S4-2LON2P&lbc=merlincycles&w=rock%20shox&url=https%3a%2f%2fwww.merlincycles.com%2frockshox-lyrik-rct3-dual-position-2017-275-96050.html&lgsku=RS9246002-2017&rk=6&uid=871428628&sid=2&ts=custom&SLIPid=1555787142951&rsc=bRBCTE5Qjrto1VGy&method=and&isort=score&view=grid,749.00
https://bikes.merlincycles.com/thumb.php?s=150&f=https%3a%2f%2fmerlincycles-img.s3-eu-west-1.amazonaws.com%2fproductImage_470_470_ffffff_image-jpeg%2f24155_reverb_stealth_b1.jpg,Rockshox,Reverb Stealth B1 Seatpost,https://bikes.merlincycles.com/search?p=R&srid=S4-2LON2P&lbc=merlincycles&w=rock%20shox&url=https%3a%2f%2fwww.merlincycles.com%2frockshox-reverb-stealth-b1-seatpost-90902.html&lgsku=RSP801900-B1&rk=7&uid=871428628&sid=2&ts=custom&SLIPid=1555787142951&rsc=5NjxwadXbln1oT-t&method=and&isort=score&view=grid,177.00
https://bikes.merlincycles.com/thumb.php?s=150&f=https%3a%2f%2fmerlincycles-img.s3-eu-west-1.amazonaws.com%2fproductImage_470_470_ffffff_image-jpeg%2f41689_rockshox_revelation_rc_debonair_boost_forks_oem_27_5_.jpg,Rockshox,"Revelation RC Debonair Boost Forks OEM - 27.5""",https://bikes.merlincycles.com/search?p=R&srid=S4-2LON2P&lbc=merlincycles&w=rock%20shox&url=https%3a%2f%2fwww.merlincycles.com%2frockshox-revelation-rc-debonair-boost-forks-oem-275-122311.html&lgsku=4019.510.0&rk=8&uid=871428628&sid=2&ts=custom&SLIPid=1555787142951&rsc=r3SELiPEMtdfDrr6&method=and&isort=score&view=grid,349.00
https://bikes.merlincycles.com/thumb.php?s=150&f=https%3a%2f%2fmerlincycles-img.s3-eu-west-1.amazonaws.com%2fproductImage_470_470_ffffff_image-jpeg%2f31870_rockshox_reverb_remote_upgrade_kit.jpg,Rockshox,Reverb Remote Upgrade Kit,https://bikes.merlincycles.com/search?p=R&srid=S4-2LON2P&lbc=merlincycles&w=rock%20shox&url=https%3a%2f%2fwww.merlincycles.com%2frockshox-reverb-remote-upgrade-kit-105206.html&lgsku=RS802900&rk=9&uid=871428628&sid=2&ts=custom&SLIPid=1555787142951&rsc=R4dlYYQ%3aa6mr3Yxn&method=and&isort=score&view=grid,76.99
https://bikes.merlincycles.com/thumb.php?s=150&f=https%3a%2f%2fmerlincycles-img.s3-eu-west-1.amazonaws.com%2fproductImage_470_470_ffffff_image-jpeg%2f33557_rockshox_yari_debonair_boost_forks_27_5_2018.jpg,Rockshox,"Yari RC DebonAir Boost Forks 27.5"" - 2018",https://bikes.merlincycles.com/search?p=R&srid=S4-2LON2P&lbc=merlincycles&w=rock%20shox&url=https%3a%2f%2fwww.merlincycles.com%2frockshox-yari-rc-debonair-boost-forks-275-2018-108259.html&lgsku=RS965700&rk=10&uid=871428628&sid=2&ts=custom&SLIPid=1555787142951&rsc=YqYPnblFX1kq7gSc&method=and&isort=score&view=grid,525.00
https://bikes.merlincycles.com/thumb.php?s=150&f=https%3a%2f%2fmerlincycles-img.s3-eu-west-1.amazonaws.com%2fproductImage_470_470_ffffff_image-jpeg%2f24156_rockshox_reverb_b1_seatpost.jpg,Rockshox,Reverb B1 Seatpost,https://bikes.merlincycles.com/search?p=R&srid=S4-2LON2P&lbc=merlincycles&w=rock%20shox&url=https%3a%2f%2fwww.merlincycles.com%2frockshox-reverb-b1-seatpost-90914.html&lgsku=RSP802600-B1&rk=11&uid=871428628&sid=2&ts=custom&SLIPid=1555787142951&rsc=bclzFxnB4KnPU8F7&method=and&isort=score&view=grid,189.00
https://bikes.merlincycles.com/thumb.php?s=150&f=https%3a%2f%2fmerlincycles-img.s3-eu-west-1.amazonaws.com%2fproductImage_470_470_ffffff_image-jpeg%2f16101_rockshox_bluto_rl_solo_air_26_maxlelite_15.jpg,Rockshox,"Bluto RL Solo Air - 26""",https://bikes.merlincycles.com/search?p=R&srid=S4-2LON2P&lbc=merlincycles&w=rock%20shox&url=https%3a%2f%2fwww.merlincycles.com%2frockshox-bluto-rl-solo-air-26-73019.html&lgsku=RS8790-Bluto-26&rk=12&uid=871428628&sid=2&ts=custom&SLIPid=1555787142951&rsc=CCUIoyXM0J5ehdrC&method=and&isort=score&view=grid,569.00
https://bikes.merlincycles.com/thumb.php?s=150&f=https%3a%2f%2fmerlincycles-img.s3-eu-west-1.amazonaws.com%2fproductImage_470_470_ffffff_image-jpeg%2f33540_rockshox_revelation_rc_debonair_boost_forks_27_5_2018.jpg,Rockshox,"Revelation RC DebonAir Boost Forks 27.5"" - 2018",https://bikes.merlincycles.com/search?p=R&srid=S4-2LON2P&lbc=merlincycles&w=rock%20shox&url=https%3a%2f%2fwww.merlincycles.com%2frockshox-revelation-rc-debonair-boost-forks-275-2018-108225.html&lgsku=RS965500&rk=13&uid=871428628&sid=2&ts=custom&SLIPid=1555787142951&rsc=mOXla87XtS-o3doX&method=and&isort=score&view=grid,459.00
https://bikes.merlincycles.com/thumb.php?s=150&f=https%3a%2f%2fmerlincycles-img.s3-eu-west-1.amazonaws.com%2fproductImage_470_470_ffffff_image-jpeg%2f48530_rockshox_reverb_seatpost.jpg,RockShox,Reverb Seatpost,https://bikes.merlincycles.com/search?p=R&srid=S4-2LON2P&lbc=merlincycles&w=rock%20shox&url=https%3a%2f%2fwww.merlincycles.com%2frockshox-reverb-seatpost-54780.html&lgsku=RSP5065&rk=14&uid=871428628&sid=2&ts=custom&SLIPid=1555787142951&rsc=KfXemIIvWeJG848s&method=and&isort=score&view=grid,159.00
https://bikes.merlincycles.com/thumb.php?s=150&f=https%3a%2f%2fmerlincycles-img.s3-eu-west-1.amazonaws.com%2fproductImage_470_470_ffffff_image-jpeg%2f8774_rock_shox_reverb_hydraulic_hose_kit.jpg,RockShox,Reverb Hydraulic Hose Kit,https://bikes.merlincycles.com/search?p=R&srid=S4-2LON2P&lbc=merlincycles&w=rock%20shox&url=https%3a%2f%2fwww.merlincycles.com%2frockshox-reverb-hydraulic-hose-kit-58228.html&lgsku=R5025010&rk=15&uid=871428628&sid=2&ts=custom&SLIPid=1555787142951&rsc=iYgVL3AncYYuH196&method=and&isort=score&view=grid,22.50
https://bikes.merlincycles.com/thumb.php?s=150&f=https%3a%2f%2fmerlincycles-img.s3-eu-west-1.amazonaws.com%2fproductImage_470_470_ffffff_image-jpeg%2f22482_rockshox_yari_rc_solo_air_27_5_.jpg,Rockshox,"Yari RC Solo Air - 27.5""",https://bikes.merlincycles.com/search?p=R&srid=S4-2LON2P&lbc=merlincycles&w=rock%20shox&url=https%3a%2f%2fwww.merlincycles.com%2frockshox-yari-rc-solo-air-275-88047.html&lgsku=RS9244003-27.5&rk=16&uid=871428628&sid=2&ts=custom&SLIPid=1555787142951&rsc=mBWGYgFiu04oYpZY&method=and&isort=score&view=grid,419.00
https://bikes.merlincycles.com/thumb.php?s=150&f=https%3a%2f%2fmerlincycles-img.s3-eu-west-1.amazonaws.com%2fproductImage_470_470_ffffff_image-jpeg%2f22491_rockshox_pike_rct3_dual_position_26_.jpg,Rockshox,"Pike RCT3 Dual Position - 26""",https://bikes.merlincycles.com/search?p=R&srid=S4-2LON2P&lbc=merlincycles&w=rock%20shox&url=https%3a%2f%2fwww.merlincycles.com%2frockshox-pike-rct3-dual-position-26-88070.html&lgsku=RS9229004-26%22&rk=17&uid=871428628&sid=2&ts=custom&SLIPid=1555787142951&rsc=obQ154iCa8ZgY5cq&method=and&isort=score&view=grid,499.00
https://bikes.merlincycles.com/thumb.php?s=150&f=https%3a%2f%2fmerlincycles-img.s3-eu-west-1.amazonaws.com%2fproductImage_470_470_ffffff_image-jpeg%2f8772_rockshox_reverb_hose_barb_for_post_end.jpg,RockShox,Reverb Hose Barb - For Post End,https://bikes.merlincycles.com/search?p=R&srid=S4-2LON2P&lbc=merlincycles&w=rock%20shox&url=https%3a%2f%2fwww.merlincycles.com%2frockshox-reverb-hose-barb-for-post-end-58226.html&lgsku=R5022010&rk=18&uid=871428628&sid=2&ts=custom&SLIPid=1555787142951&rsc=z5X7iOIc1q64Ec0q&method=and&isort=score&view=grid,7.96
https://bikes.merlincycles.com/thumb.php?s=150&f=https%3a%2f%2fmerlincycles-img.s3-eu-west-1.amazonaws.com%2fproductImage_470_470_ffffff_image-jpeg%2f8773_rock_shox_reverb_hose_barb_for_remote_end.jpg,RockShox,Reverb Hose Barb - For Remote End,https://bikes.merlincycles.com/search?p=R&srid=S4-2LON2P&lbc=merlincycles&w=rock%20shox&url=https%3a%2f%2fwww.merlincycles.com%2frockshox-reverb-hose-barb-for-remote-end-58227.html&lgsku=R5022030&rk=19&uid=871428628&sid=2&ts=custom&SLIPid=1555787142951&rsc=-mJksTjta7OHAdLV&method=and&isort=score&view=grid,6.95
https://bikes.merlincycles.com/thumb.php?s=150&f=https%3a%2f%2fmerlincycles-img.s3-eu-west-1.amazonaws.com%2fproductImage_470_470_ffffff_image-jpeg%2f52712_rockshox_pike_rct3_dual_position_air_forks_29_.jpg,Rockshox,"Pike RCT3 Dual Position Air Forks - 29""",https://bikes.merlincycles.com/search?p=R&srid=S4-2LON2P&lbc=merlincycles&w=rock%20shox&url=https%3a%2f%2fwww.merlincycles.com%2frockshox-pike-rct3-dual-position-air-forks-29-140807.html&lgsku=00.4019.231&rk=20&uid=871428628&sid=2&ts=custom&SLIPid=1555787142951&rsc=mV6lZZ3gMJN2R1z%3a&method=and&isort=score&view=grid,549.00
https://bikes.merlincycles.com/thumb.php?s=150&f=https%3a%2f%2fmerlincycles-img.s3-eu-west-1.amazonaws.com%2fproductImage_470_470_ffffff_image-jpeg%2f12728_rockshox_pike_rct3_forks_29er_2014.jpg,Rockshox,"Pike RCT3 Solo Air Forks - 29""",https://bikes.merlincycles.com/search?p=R&srid=S4-2LON2P&lbc=merlincycles&w=rock%20shox&url=https%3a%2f%2fwww.merlincycles.com%2frockshox-pike-rct3-solo-air-forks-29-65871.html&lgsku=RS-PIKERCT3-29-2015&rk=21&uid=871428628&sid=2&ts=custom&SLIPid=1555787142951&rsc=jwIFUshFC3DTS2Bs&method=and&isort=score&view=grid,499.00
https://bikes.merlincycles.com/thumb.php?s=150&f=https%3a%2f%2fmerlincycles-img.s3-eu-west-1.amazonaws.com%2fproductImage_470_470_ffffff_image-jpeg%2f21577_rockshox_pike_rct3_dual_position_forks_27_5_.jpg,Rockshox,"Pike RCT3 Dual Position Forks - 27.5""",https://bikes.merlincycles.com/search?p=R&srid=S4-2LON2P&lbc=merlincycles&w=rock%20shox&url=https%3a%2f%2fwww.merlincycles.com%2frockshox-pike-rct3-dual-position-forks-275-67870.html&lgsku=RSPIKE275RCT3DP&rk=22&uid=871428628&sid=2&ts=custom&SLIPid=1555787142951&rsc=tbP4BzzkyNcnTYtW&method=and&isort=score&view=grid,499.00
https://bikes.merlincycles.com/thumb.php?s=150&f=https%3a%2f%2fmerlincycles-img.s3-eu-west-1.amazonaws.com%2fproductImage_470_470_ffffff_image-jpeg%2f38207_merlin_malt_mountain_bike_frame_forks_2018.jpg,Merlin,MALT+ Mountain Bike Frame & Rockshox Revelation Forks – 2018,https://bikes.merlincycles.com/search?p=R&srid=S4-2LON2P&lbc=merlincycles&w=rock%20shox&url=https%3a%2f%2fwww.merlincycles.com%2fmerlin-malt-mountain-bike-frame-rockshox-revelation-forks-2018-115006.html&lgsku=MLT275-FRM&rk=23&uid=871428628&sid=2&ts=custom&SLIPid=1555787142951&rsc=nnAYX-ZApyiLW8uw&method=and&isort=score&view=grid,399.95
https://bikes.merlincycles.com/thumb.php?s=150&f=https%3a%2f%2fmerlincycles-img.s3-eu-west-1.amazonaws.com%2fproductImage_470_470_ffffff_image-jpeg%2f21571_rockshox_pike_rct3_solo_air_forks_26_2016.jpg,Rockshox,"Pike RCT3 - Solo Air - Forks - 26"" - 2016",https://bikes.merlincycles.com/search?p=R&srid=S4-2LON2P&lbc=merlincycles&w=rock%20shox&url=https%3a%2f%2fwww.merlincycles.com%2frockshox-pike-rct3-solo-air-forks-26-2016-86764.html&lgsku=RS-PIKE-RCT3-26-2016&rk=24&uid=871428628&sid=2&ts=custom&SLIPid=1555787142951&rsc=5R1nFw1Qh6iXJjVH&method=and&isort=score&view=grid,499.00
https://bikes.merlincycles.com/thumb.php?s=150&f=https%3a%2f%2fmerlincycles-img.s3-eu-west-1.amazonaws.com%2fproductImage_470_470_ffffff_image-jpeg%2f51136_dt_swiss_xr1501_spline_boost_25_predictive_steering_mtb_wheelset.jpg,DT,Swiss XR1501 Spline Boost 25 Predictive Steering MTB Wheelset,https://bikes.merlincycles.com/search?p=R&srid=S4-2LON2P&lbc=merlincycles&w=rock%20shox&url=https%3a%2f%2fwww.merlincycles.com%2fdt-swiss-xr1501-spline-boost-25-predictive-steering-mtb-wheelset-136865.html&lgsku=524&rk=25&uid=871428628&sid=2&ts=custom&SLIPid=1555787142951&rsc=5jFq59PlBdjNRaTr&method=and&isort=score&view=grid,539.00
https://bikes.merlincycles.com/thumb.php?s=150&f=https%3a%2f%2fmerlincycles-img.s3-eu-west-1.amazonaws.com%2fproductImage_470_470_ffffff_image-jpeg%2f20593_rockshox_reverb_high_performance_hydraulic_fluid.jpg,Rockshox,Reverb High Performance Hydraulic Fluid,https://bikes.merlincycles.com/search?p=R&srid=S4-2LON2P&lbc=merlincycles&w=rock%20shox&url=https%3a%2f%2fwww.merlincycles.com%2frockshox-reverb-high-performance-hydraulic-fluid-84424.html&lgsku=PS4315021&rk=26&uid=871428628&sid=2&ts=custom&SLIPid=1555787142951&rsc=jtmC2gHTQBqCk0e7&method=and&isort=score&view=grid,3.60
https://cdn.bike24.net/media/outlet-product-xs/i/p/9/8/114889_00_c.jpg?vf9793dac91b7edb2dd0aa8fab162b6d895eae9f5,,Rock Shox Reverb Stealth Barb Connector - 00.6815.066.030,https://www.bike24.com/p2114889.html?q=rock+shox," €3,90"
https://cdn.bike24.net/media/outlet-product-xs/i/p/2/2/129222_00_c.jpg?vf9793dac91b7edb2dd0aa8fab162b6d895eae9f5,,RockShox Fork Oil 120ml 5 WT,https://www.bike24.com/p2129222.html?q=rock+shox," €3,99"
https://cdn.bike24.net/media/outlet-product-xs/i/p/5/5/129355_00_c.jpg?vf9793dac91b7edb2dd0aa8fab162b6d895eae9f5,,RockShox Fork Oil 120ml 15 WT,https://www.bike24.com/p2129355.html?q=rock+shox," €3,79"
https://cdn.bike24.net/media/outlet-product-xs/i/p/5/3/129235_00_c.jpg?vf9793dac91b7edb2dd0aa8fab162b6d895eae9f5,,RockShox Fork Oil 1000ml 5 WT,https://www.bike24.com/p2129235.html?q=rock+shox," €18,90"
https://cdn.bike24.net/media/outlet-product-xs/i/p/4/4/129244_00_c.jpg?vf9793dac91b7edb2dd0aa8fab162b6d895eae9f5,,RockShox Fork Oil 1000ml 15 WT,https://www.bike24.com/p2129244.html?q=rock+shox," €18,90"
https://cdn.bike24.net/media/outlet-product-xs/i/p/9/9/130499_00_c.jpg?vf9793dac91b7edb2dd0aa8fab162b6d895eae9f5,,RockShox Fork Oil 120ml 10 WT,https://www.bike24.com/p2130499.html?q=rock+shox," €5,90"
https://cdn.bike24.net/media/outlet-product-xs/i/p/1/4/129241_00_c.jpg?vf9793dac91b7edb2dd0aa8fab162b6d895eae9f5,,RockShox Fork Oil 1000ml 10 WT,https://www.bike24.com/p2129241.html?q=rock+shox," €18,90"
https://cdn.bike24.net/media/outlet-product-xs/i/p/0/3/14230_00_c.jpg?vf9793dac91b7edb2dd0aa8fab162b6d895eae9f5,,"RockShox Fork Oil 1000ml 2,5 WT",https://www.bike24.com/p214230.html?q=rock+shox," €18,90"
https://cdn.bike24.net/media/outlet-product-xs/i/p/0/8/130680_00_c.jpg?vf9793dac91b7edb2dd0aa8fab162b6d895eae9f5,,RockShox Fork Oil 120ml 2.5 WT,https://www.bike24.com/p2130680.html?q=rock+shox," €5,90"
https://cdn.bike24.net/media/outlet-product-xs/i/p/0/5/233150_00_c.jpg?vf9793dac91b7edb2dd0aa8fab162b6d895eae9f5,,Pitlock Set 17 Thru Axle 15 to Rock Shox,https://www.bike24.com/p2233150.html?q=rock+shox," €51,99"
https://cdn.bike24.net/media/outlet-product-xs/i/p/9/0/128609_00_c.jpg?vf9793dac91b7edb2dd0aa8fab162b6d895eae9f5,,Hayes Adapter IS/PM for 203mm Discs on Rock Shox BOXXER,https://www.bike24.com/p2128609.html?q=rock+shox," €12,99"
https://cdn.bike24.net/media/outlet-product-xs/i/p/7/6/14167_00_c.jpg?vf9793dac91b7edb2dd0aa8fab162b6d895eae9f5,,"RockShox Hardware Kit (Bushings) 8mm - Ario, MC3, MC3R, Pearl, Bar",https://www.bike24.com/p214167.html?q=rock+shox,"from €7,99"
https://cdn.bike24.net/media/outlet-product-xs/i/p/9/5/14159_00_c.jpg?vf9793dac91b7edb2dd0aa8fab162b6d895eae9f5,,"RockShox Hardware Kit (Bushings) 6mm - Ario, MC3, MC3R, Pearl, Bar",https://www.bike24.com/p214159.html?q=rock+shox,"from €7,99"
https://cdn.bike24.net/media/outlet-product-xs/i/p/6/3/132436_00_c.jpg?vf9793dac91b7edb2dd0aa8fab162b6d895eae9f5,,RockShox TurnKey Damper Remote - 11.4015.306.020,https://www.bike24.com/p2132436.html?q=rock+shox," €38,90"
https://cdn.bike24.net/media/outlet-product-xs/i/p/6/0/130806_00_c.jpg?vf9793dac91b7edb2dd0aa8fab162b6d895eae9f5,,RockShox Spring Shaft Assy for Lyrik Coil,https://www.bike24.com/p2130806.html?q=rock+shox," €39,90"
https://cdn.bike24.net/media/outlet-product-xs/i/p/7/3/130537_00_c.jpg?vf9793dac91b7edb2dd0aa8fab162b6d895eae9f5,,RockShox Oil for Rear Shock 120ml,https://www.bike24.com/p2130537.html?q=rock+shox," €3,99"
https://cdn.bike24.net/media/outlet-product-xs/i/p/7/0/130107_00_c.jpg?vf9793dac91b7edb2dd0aa8fab162b6d895eae9f5,,RockShox Oil for Rear Shock 473ml,https://www.bike24.com/p2130107.html?q=rock+shox," €14,90"
https://cdn.bike24.net/media/outlet-product-xs/i/p/0/2/14220_00_c.jpg?vf9793dac91b7edb2dd0aa8fab162b6d895eae9f5,,"RockShox Hardware Kit (Bushings) 8mm - Monarch, Vivid, Ario",https://www.bike24.com/p214220.html?q=rock+shox," €8,99"
https://cdn.bike24.net/media/outlet-product-xs/i/p/3/2/14223_00_z.jpg?vf9793dac91b7edb2dd0aa8fab162b6d895eae9f5,,"RockShox Hardware Kit (Bushings) 10mm - Monarch, Vivid, Ario",https://www.bike24.com/p214223.html?q=rock+shox," €8,99"
https://cdn.bike24.net/media/outlet-product-xs/i/p/7/1/14217_00_c.jpg?vf9793dac91b7edb2dd0aa8fab162b6d895eae9f5,,"RockShox Hardware Kit (Bushings) 6mm - Monarch, Vivid, Ario",https://www.bike24.com/p214217.html?q=rock+shox," €8,99"
https://cdn.bike24.net/media/outlet-product-xs/i/p/5/2/130225_00_c.jpg?vf9793dac91b7edb2dd0aa8fab162b6d895eae9f5,,RockShox Motion Control DNA Damper Remote for Revelation RLT - 11.4015.544.120,https://www.bike24.com/p2130225.html?q=rock+shox," €67,90"
https://cdn.bike24.net/media/outlet-product-xs/i/p/3/8/132083_00_c.jpg?vf9793dac91b7edb2dd0aa8fab162b6d895eae9f5,,RockShox Motion Control DNA Damper for Revelation RLT from 2012 - 11.4015.544.110,https://www.bike24.com/p2132083.html?q=rock+shox," €59,90"
https://cdn.bike24.net/media/outlet-product-xs/i/p/4/8/108484_00_c.jpg?vf9793dac91b7edb2dd0aa8fab162b6d895eae9f5,,RockShox Remote Upgrade Kit - Turnkey 30mm Paragon Gold - 00.4318.002.008,https://www.bike24.com/p2108484.html?q=rock+shox," €63,90"
https://cdn.bike24.net/media/outlet-product-xs/i/p/8/4/130748_00_c.jpg?vf9793dac91b7edb2dd0aa8fab162b6d895eae9f5,,RockShox Mission Control DH Damper without Floodgate for Lyrik - 11.4015.544.160,https://www.bike24.com/p2130748.html?q=rock+shox," €106,90"
https://cdn.bike24.net/media/outlet-product-xs/i/p/1/3/130731_00_c.jpg?vf9793dac91b7edb2dd0aa8fab162b6d895eae9f5,,RockShox Motion Control DNA Damper Remote for Revelation RL - 11.4015.544.100,https://www.bike24.com/p2130731.html?q=rock+shox," €59,90"
https://cdn.bike24.net/media/outlet-product-xs/i/p/0/4/132740_00_c.jpg?vf9793dac91b7edb2dd0aa8fab162b6d895eae9f5,,RockShox Mission Control DH Damper with Floodgate for Lyrik - 11.4015.544.150,https://www.bike24.com/p2132740.html?q=rock+shox," €106,90"
https://cdn.bike24.net/media/outlet-product-xs/i/p/6/3/135436_00_c.jpg?vf9793dac91b7edb2dd0aa8fab162b6d895eae9f5,,RockShox Maxle Stealth MTB Thru Axle 15x100mm,https://www.bike24.com/p2135436.html?q=rock+shox," €28,90"
https://cdn.bike24.net/media/outlet-product-xs/i/p/2/2/14222_00_c.jpg?vf9793dac91b7edb2dd0aa8fab162b6d895eae9f5,,"RockShox Hardware Kit (Bushings) 9,5 mm - Monarch, Vivid, Ario",https://www.bike24.com/p214222.html?q=rock+shox," €12,90"
https://cdn.bike24.net/media/outlet-product-xs/i/p/5/8/129385_00_c.jpg?vf9793dac91b7edb2dd0aa8fab162b6d895eae9f5,,RockShox Pike Fork Oil 120ml 0W-30,https://www.bike24.com/p2129385.html?q=rock+shox," €6,79"
https://cdn.bike24.net/media/outlet-product-xs/i/p/4/5/130054_00_c.jpg?vf9793dac91b7edb2dd0aa8fab162b6d895eae9f5,,RockShox Pike Fork Oil 1000ml 0W-30,https://www.bike24.com/p2130054.html?q=rock+shox," €21,99"
